,survived,pclass,sex,age,sibsp,parch,fare,adult_male,alive,alone,embarked_Q,embarked_S,class_Second,class_Third,who_man,who_woman,embark_town_Queenstown,embark_town_Southampton
0,0,3,1,-0.5280415533946451,1,0,-0.5280415533946451,1,0,0,0,1,0,1,1,0,0,1
1,1,1,0,0.5617081914694719,1,0,0.5617081914694719,0,1,0,0,0,0,0,0,1,0,0
2,1,3,0,-0.25560411717861586,0,0,-0.25560411717861586,0,1,1,0,1,0,1,0,1,0,1
3,1,1,0,0.35738011430745,1,0,0.35738011430745,0,1,0,0,1,0,0,0,1,0,1
4,0,3,1,0.35738011430745,0,0,0.35738011430745,1,0,1,0,1,0,1,1,0,0,1
5,0,3,1,,0,0,,1,0,1,1,0,0,1,1,0,1,0
6,0,1,1,1.651457936333589,0,0,1.651457936333589,1,0,1,0,1,0,0,1,0,0,1
7,0,3,1,-1.8902287344747914,3,1,-1.8902287344747914,0,0,0,0,1,0,1,0,0,0,1
8,1,3,0,-0.18749475812460856,0,2,-0.18749475812460856,0,1,0,0,1,0,1,0,1,0,1
9,1,2,0,-1.0729164258267037,1,0,-1.0729164258267037,0,1,0,0,0,1,0,0,0,0,0
10,1,3,0,-1.754010016366777,1,1,-1.754010016366777,0,1,0,0,1,0,1,0,0,0,1
11,1,1,0,1.9238953725496182,0,0,1.9238953725496182,0,1,1,0,1,0,0,0,1,0,1
12,0,3,1,-0.6642602715026598,0,0,-0.6642602715026598,1,0,1,0,1,0,1,1,0,0,1
13,0,3,1,0.6298175505234792,1,5,0.6298175505234792,1,0,0,0,1,0,1,1,0,0,1
14,0,3,0,-1.0729164258267037,0,0,-1.0729164258267037,0,0,1,0,1,0,1,0,0,0,1
15,1,2,0,1.7195672953875962,0,0,1.7195672953875962,0,1,1,0,1,1,0,0,1,0,1
16,0,3,1,-1.8902287344747914,4,1,-1.8902287344747914,0,0,0,1,0,0,1,0,0,1,0
17,1,2,1,,0,0,,1,1,1,0,1,1,0,1,0,0,1
18,0,3,0,0.08494267809142071,1,0,0.08494267809142071,0,0,0,0,1,0,1,0,1,0,1
19,1,3,0,,0,0,,0,1,1,0,0,0,1,0,1,0,0
20,0,2,1,0.35738011430745,0,0,0.35738011430745,1,0,1,0,1,1,0,1,0,0,1
21,1,2,1,0.28927075525344265,0,0,0.28927075525344265,1,1,1,0,1,1,0,1,0,0,1
22,1,3,0,-1.0048070667726963,0,0,-1.0048070667726963,0,1,1,1,0,0,1,0,0,1,0
23,1,1,1,-0.11938539907060124,0,0,-0.11938539907060124,1,1,1,0,1,0,0,1,0,0,1
24,0,3,0,-1.4815725801507476,3,1,-1.4815725801507476,0,0,0,0,1,0,1,0,0,0,1
25,1,3,0,0.5617081914694719,1,5,0.5617081914694719,0,1,0,0,1,0,1,0,1,0,1
26,0,3,1,,0,0,,1,0,1,0,0,0,1,1,0,0,0
27,0,1,1,-0.732369630556667,3,2,-0.732369630556667,1,0,0,0,1,0,0,1,0,0,1
28,1,3,0,,0,0,,0,1,1,1,0,0,1,0,1,1,0
29,0,3,1,,0,0,,1,0,1,0,1,0,1,1,0,0,1
30,0,1,1,0.6979269095774866,0,0,0.6979269095774866,1,0,1,0,0,0,0,1,0,0,0
31,1,1,0,,1,0,,0,1,0,0,0,0,0,0,1,0,0
32,1,3,0,,0,0,,0,1,1,1,0,0,1,0,1,1,0
33,0,2,1,2.4687702449816764,0,0,2.4687702449816764,1,0,1,0,1,1,0,1,0,0,1
34,0,1,1,-0.11938539907060124,1,0,-0.11938539907060124,1,0,0,0,0,0,0,1,0,0,0
35,0,1,1,0.8341456276855012,1,0,0.8341456276855012,1,0,0,0,1,0,0,1,0,0,1
36,1,3,1,,0,0,,1,1,1,0,0,0,1,1,0,0,0
37,0,3,1,-0.5961509124486525,0,0,-0.5961509124486525,1,0,1,0,1,0,1,1,0,0,1
38,0,3,0,-0.8004789896106744,2,0,-0.8004789896106744,0,0,0,0,1,0,1,0,1,0,1
39,1,3,0,-1.0729164258267037,1,0,-1.0729164258267037,0,1,0,0,0,0,1,0,0,0,0
40,0,3,0,0.6979269095774866,1,0,0.6979269095774866,0,0,0,0,1,0,1,0,1,0,1
41,0,2,0,-0.18749475812460856,1,0,-0.18749475812460856,0,0,0,0,1,1,0,0,1,0,1
42,0,3,1,,0,0,,1,0,1,0,0,0,1,1,0,0,0
43,1,2,0,-1.822119375420784,1,2,-1.822119375420784,0,1,0,0,0,1,0,0,0,0,0
44,1,3,0,-0.732369630556667,0,0,-0.732369630556667,0,1,1,1,0,0,1,0,1,1,0
45,0,3,1,,0,0,,1,0,1,0,1,0,1,1,0,0,1
46,0,3,1,,1,0,,1,0,0,1,0,0,1,1,0,1,0
48,0,3,1,,2,0,,1,0,0,0,0,0,1,1,0,0,0
49,0,3,0,-0.8004789896106744,1,0,-0.8004789896106744,0,0,0,0,1,0,1,0,1,0,1
50,0,3,1,-1.549681939204755,4,1,-1.549681939204755,0,0,0,0,1,0,1,0,0,0,1
51,0,3,1,-0.5961509124486525,0,0,-0.5961509124486525,1,0,1,0,1,0,1,1,0,0,1
52,1,1,0,1.3109111410635523,1,0,1.3109111410635523,0,1,0,0,0,0,0,0,1,0,0
53,1,2,0,-0.05127604001659392,1,0,-0.05127604001659392,0,1,0,0,1,1,0,0,1,0,1
54,0,1,1,2.4006608859276692,0,1,2.4006608859276692,1,0,0,0,0,0,0,1,0,0,0
55,1,1,1,,0,0,,1,1,1,0,1,0,0,1,0,0,1
56,1,2,0,-0.5961509124486525,0,0,-0.5961509124486525,0,1,1,0,1,1,0,0,1,0,1
57,0,3,1,-0.08533071954359758,0,0,-0.08533071954359758,1,0,1,0,0,0,1,1,0,0,0
58,1,2,0,-1.6859006573127695,1,2,-1.6859006573127695,0,1,0,0,1,1,0,0,0,0,1
59,0,3,1,-1.2772445029887256,5,2,-1.2772445029887256,0,0,0,0,1,0,1,0,0,0,1
60,0,3,1,-0.5280415533946451,0,0,-0.5280415533946451,1,0,1,0,0,0,1,1,0,0,0
62,0,1,1,1.0384737048475232,1,0,1.0384737048475232,1,0,0,0,1,0,0,1,0,0,1
63,0,3,1,-1.754010016366777,3,2,-1.754010016366777,0,0,0,0,1,0,1,0,0,0,1
64,0,1,1,,0,0,,1,0,1,0,0,0,0,1,0,0,0
65,1,3,1,,1,1,,1,1,0,0,0,0,1,1,0,0,0
66,1,2,0,-0.05127604001659392,0,0,-0.05127604001659392,0,1,1,0,1,1,0,0,1,0,1
67,0,3,1,-0.732369630556667,0,0,-0.732369630556667,1,0,1,0,1,0,1,1,0,0,1
68,1,3,0,-0.8685883486646817,4,2,-0.8685883486646817,0,1,0,0,1,0,1,0,1,0,1
69,0,3,1,-0.25560411717861586,2,0,-0.25560411717861586,1,0,0,0,1,0,1,1,0,0,1
70,0,2,1,0.15305203714542803,0,0,0.15305203714542803,1,0,1,0,1,1,0,1,0,0,1
71,0,3,0,-0.936697707718689,5,2,-0.936697707718689,0,0,0,0,1,0,1,0,1,0,1
72,0,2,1,-0.5961509124486525,0,0,-0.5961509124486525,1,0,1,0,1,1,0,1,0,0,1
73,0,3,1,-0.25560411717861586,1,0,-0.25560411717861586,1,0,0,0,0,0,1,1,0,0,0
74,1,3,1,0.15305203714542803,0,0,0.15305203714542803,1,1,1,0,1,0,1,1,0,0,1
75,0,3,1,-0.3237134762326232,0,0,-0.3237134762326232,1,0,1,0,1,0,1,1,0,0,1
78,1,2,1,-1.96991668456798,0,2,-1.96991668456798,0,1,0,0,1,1,0,0,0,0,1
79,1,3,0,0.016833319037413395,0,0,0.016833319037413395,0,1,1,0,1,0,1,0,1,0,1
80,0,3,1,-0.5280415533946451,0,0,-0.5280415533946451,1,0,1,0,1,0,1,1,0,0,1
81,1,3,1,-0.05127604001659392,0,0,-0.05127604001659392,1,1,1,0,1,0,1,1,0,0,1
82,1,3,0,,0,0,,0,1,1,1,0,0,1,0,1,1,0
83,0,1,1,-0.11938539907060124,0,0,-0.11938539907060124,1,0,1,0,1,0,0,1,0,0,1
84,1,2,0,-0.8685883486646817,0,0,-0.8685883486646817,0,1,1,0,1,1,0,0,1,0,1
85,1,3,0,0.22116139619943534,3,0,0.22116139619943534,0,1,0,0,1,0,1,0,1,0,1
86,0,3,1,-0.936697707718689,1,3,-0.936697707718689,1,0,0,0,1,0,1,1,0,0,1
88,1,1,0,-0.4599321943406378,3,2,-0.4599321943406378,0,1,0,0,1,0,0,0,1,0,1
89,0,3,1,-0.39182283528663053,0,0,-0.39182283528663053,1,0,1,0,1,0,1,1,0,0,1
90,0,3,1,-0.05127604001659392,0,0,-0.05127604001659392,1,0,1,0,1,0,1,1,0,0,1
91,0,3,1,-0.6642602715026598,0,0,-0.6642602715026598,1,0,1,0,1,0,1,1,0,0,1
92,0,1,1,1.1065830639015304,1,0,1.1065830639015304,1,0,0,0,1,0,0,1,0,0,1
93,0,3,1,-0.25560411717861586,1,2,-0.25560411717861586,1,0,0,0,1,0,1,1,0,0,1
94,0,3,1,1.9920047316036256,0,0,1.9920047316036256,1,0,1,0,1,0,1,1,0,0,1
96,0,1,1,2.809317040251713,0,0,2.809317040251713,1,0,1,0,0,0,0,1,0,0,0
97,1,1,1,-0.4599321943406378,0,1,-0.4599321943406378,1,1,0,0,0,0,0,1,0,0,0
98,1,2,0,0.28927075525344265,0,1,0.28927075525344265,0,1,0,0,1,1,0,0,1,0,1
99,0,2,1,0.28927075525344265,1,0,0.28927075525344265,1,0,0,0,1,1,0,1,0,0,1
100,0,3,0,-0.11938539907060124,0,0,-0.11938539907060124,0,0,1,0,1,0,1,0,1,0,1
102,0,1,1,-0.5961509124486525,0,1,-0.5961509124486525,1,0,0,0,1,0,0,1,0,0,1
103,0,3,1,0.22116139619943534,0,0,0.22116139619943534,1,0,1,0,1,0,1,1,0,0,1
104,0,3,1,0.4935988324154646,2,0,0.4935988324154646,1,0,0,0,1,0,1,1,0,0,1
105,0,3,1,-0.11938539907060124,0,0,-0.11938539907060124,1,0,1,0,1,0,1,1,0,0,1
106,1,3,0,-0.5961509124486525,0,0,-0.5961509124486525,0,1,1,0,1,0,1,0,1,0,1
107,1,3,1,,0,0,,1,1,1,0,1,0,1,1,0,0,1
108,0,3,1,0.5617081914694719,0,0,0.5617081914694719,1,0,1,0,1,0,1,1,0,0,1
109,1,3,0,,1,0,,0,1,0,1,0,0,1,0,1,1,0
110,0,1,1,1.1746924229555378,0,0,1.1746924229555378,1,0,1,0,1,0,0,1,0,0,1
111,0,3,0,-1.0388617462997,1,0,-1.0388617462997,0,0,0,0,0,0,1,0,0,0,0
112,0,3,1,-0.5280415533946451,0,0,-0.5280415533946451,1,0,1,0,1,0,1,1,0,0,1
113,0,3,0,-0.6642602715026598,1,0,-0.6642602715026598,0,0,0,0,1,0,1,0,1,0,1
114,0,3,0,-0.8685883486646817,0,0,-0.8685883486646817,0,0,1,0,0,0,1,0,1,0,0
115,0,3,1,-0.5961509124486525,0,0,-0.5961509124486525,1,0,1,0,1,0,1,1,0,0,1
116,0,3,1,2.7752623607247093,0,0,2.7752623607247093,1,0,1,1,0,0,1,1,0,1,0
117,0,2,1,-0.05127604001659392,1,0,-0.05127604001659392,1,0,0,0,1,1,0,1,0,0,1
118,0,1,1,-0.39182283528663053,0,1,-0.39182283528663053,1,0,0,0,0,0,0,1,0,0,0
119,0,3,0,-1.8902287344747914,4,2,-1.8902287344747914,0,0,0,0,1,0,1,0,0,0,1
120,0,2,1,-0.5961509124486525,2,0,-0.5961509124486525,1,0,0,0,1,1,0,1,0,0,1
122,0,2,1,0.18710671667243167,1,0,0.18710671667243167,1,0,0,0,0,1,0,1,0,0,0
123,1,2,0,0.18710671667243167,0,0,0.18710671667243167,0,1,1,0,1,1,0,0,1,0,1
124,0,1,1,1.651457936333589,0,1,1.651457936333589,1,0,0,0,1,0,0,1,0,0,1
125,1,3,1,-1.2091351439347182,1,0,-1.2091351439347182,0,1,0,0,0,0,1,0,0,0,0
126,0,3,1,,0,0,,1,0,1,1,0,0,1,1,0,1,0
127,1,3,1,-0.39182283528663053,0,0,-0.39182283528663053,1,1,1,0,1,0,1,1,0,0,1
128,1,3,0,,1,1,,0,1,0,0,0,0,1,0,1,0,0
129,0,3,1,1.0384737048475232,0,0,1.0384737048475232,1,0,1,0,1,0,1,1,0,0,1
130,0,3,1,0.22116139619943534,0,0,0.22116139619943534,1,0,1,0,0,0,1,1,0,0,0
131,0,3,1,-0.6642602715026598,0,0,-0.6642602715026598,1,0,1,0,1,0,1,1,0,0,1
132,0,3,0,1.1746924229555378,1,0,1.1746924229555378,0,0,0,0,1,0,1,0,1,0,1
134,0,2,1,-0.3237134762326232,0,0,-0.3237134762326232,1,0,1,0,1,1,0,1,0,0,1
135,0,2,1,-0.4599321943406378,0,0,-0.4599321943406378,1,0,1,0,0,1,0,1,0,0,0
136,1,1,0,-0.732369630556667,0,2,-0.732369630556667,0,1,0,0,1,0,0,0,1,0,1
137,0,1,1,0.4935988324154646,1,0,0.4935988324154646,1,0,0,0,1,0,0,1,0,0,1
138,0,3,1,-0.936697707718689,0,0,-0.936697707718689,1,0,1,0,1,0,1,1,0,0,1
139,0,1,1,-0.39182283528663053,0,0,-0.39182283528663053,1,0,1,0,0,0,0,1,0,0,0
140,0,3,0,,0,2,,0,0,0,0,0,0,1,0,1,0,0
141,1,3,0,-0.5280415533946451,0,0,-0.5280415533946451,0,1,1,0,1,0,1,0,1,0,1
142,1,3,0,-0.39182283528663053,1,0,-0.39182283528663053,0,1,0,0,1,0,1,0,1,0,1
143,0,3,1,-0.732369630556667,0,0,-0.732369630556667,1,0,1,1,0,0,1,1,0,1,0
144,0,2,1,-0.8004789896106744,0,0,-0.8004789896106744,1,0,1,0,1,1,0,1,0,0,1
145,0,2,1,-0.732369630556667,1,1,-0.732369630556667,1,0,0,0,1,1,0,1,0,0,1
146,1,3,1,-0.18749475812460856,0,0,-0.18749475812460856,1,1,1,0,1,0,1,1,0,0,1
147,0,3,0,-1.4134632210967402,2,2,-1.4134632210967402,0,0,0,0,1,0,1,0,0,0,1
148,0,2,1,0.45954415288846095,0,2,0.45954415288846095,1,0,0,0,1,1,0,1,0,0,1
149,0,2,1,0.8341456276855012,0,0,0.8341456276855012,1,0,1,0,1,1,0,1,0,0,1
150,0,2,1,1.4471298591715671,0,0,1.4471298591715671,1,0,1,0,1,1,0,1,0,0,1
151,1,1,0,-0.5280415533946451,1,0,-0.5280415533946451,0,1,0,0,1,0,0,0,1,0,1
152,0,3,1,1.7536219749146,0,0,1.7536219749146,1,0,1,0,1,0,1,1,0,0,1
153,0,3,1,0.7319815891044902,0,2,0.7319815891044902,1,0,0,0,1,0,1,1,0,0,1
154,0,3,1,,0,0,,1,0,1,0,1,0,1,1,0,0,1
155,0,1,1,1.4471298591715671,0,1,1.4471298591715671,1,0,0,0,0,0,0,1,0,0,0
156,1,3,0,-0.936697707718689,0,0,-0.936697707718689,0,1,1,1,0,0,1,0,1,1,0
157,0,3,1,0.016833319037413395,0,0,0.016833319037413395,1,0,1,0,1,0,1,1,0,0,1
158,0,3,1,,0,0,,1,0,1,0,1,0,1,1,0,0,1
159,0,3,1,,8,2,,1,0,0,0,1,0,1,1,0,0,1
160,0,3,1,0.9703643457935158,0,1,0.9703643457935158,1,0,0,0,1,0,1,1,0,0,1
161,1,2,0,0.6979269095774866,0,0,0.6979269095774866,0,1,1,0,1,1,0,0,1,0,1
162,0,3,1,-0.25560411717861586,0,0,-0.25560411717861586,1,0,1,0,1,0,1,1,0,0,1
163,0,3,1,-0.8685883486646817,0,0,-0.8685883486646817,1,0,1,0,1,0,1,1,0,0,1
164,0,3,1,-1.9583380935287988,4,1,-1.9583380935287988,0,0,0,0,1,0,1,0,0,0,1
165,1,3,1,-1.4134632210967402,0,2,-1.4134632210967402,0,1,0,0,1,0,1,0,0,0,1
166,1,1,0,,0,1,,0,1,0,0,1,0,0,0,1,0,1
167,0,3,0,1.0384737048475232,1,4,1.0384737048475232,0,0,0,0,1,0,1,0,1,0,1
168,0,1,1,,0,0,,1,0,1,0,1,0,0,1,0,0,1
169,0,3,1,-0.11938539907060124,0,0,-0.11938539907060124,1,0,1,0,1,0,1,1,0,0,1
170,0,1,1,2.12822344971164,0,0,2.12822344971164,1,0,1,0,1,0,0,1,0,0,1
171,0,3,1,-1.754010016366777,4,1,-1.754010016366777,0,0,0,1,0,0,1,0,0,1,0
172,1,3,0,-1.9583380935287988,1,1,-1.9583380935287988,0,1,0,0,1,0,1,0,0,0,1
174,0,1,1,1.7876766544416036,0,0,1.7876766544416036,1,0,1,0,0,0,0,1,0,0,0
175,0,3,1,-0.8004789896106744,1,1,-0.8004789896106744,1,0,0,0,1,0,1,1,0,0,1
176,0,3,1,,3,1,,1,0,0,0,1,0,1,1,0,0,1
177,0,1,0,1.3790205001175597,0,0,1.3790205001175597,0,0,1,0,0,0,0,0,1,0,0
178,0,2,1,0.016833319037413395,0,0,0.016833319037413395,1,0,1,0,1,1,0,1,0,0,1
179,0,3,1,0.4254894733614573,0,0,0.4254894733614573,1,0,1,0,1,0,1,1,0,0,1
180,0,3,0,,8,2,,0,0,0,0,1,0,1,0,1,0,1
181,0,2,1,,0,0,,1,0,1,0,0,1,0,1,0,0,0
182,0,3,1,-1.4134632210967402,4,2,-1.4134632210967402,0,0,0,0,1,0,1,0,0,0,1
183,1,2,1,-1.9583380935287988,2,1,-1.9583380935287988,0,1,0,0,1,1,0,0,0,0,1
184,1,3,0,-1.754010016366777,0,2,-1.754010016366777,0,1,0,0,1,0,1,0,0,0,1
185,0,1,1,,0,0,,1,0,1,0,1,0,0,1,0,0,1
186,1,3,0,,1,0,,0,1,0,1,0,0,1,0,1,1,0
187,1,1,1,1.0384737048475232,0,0,1.0384737048475232,1,1,1,0,1,0,0,1,0,0,1
188,0,3,1,0.6979269095774866,1,1,0.6979269095774866,1,0,0,1,0,0,1,1,0,1,0
189,0,3,1,0.4254894733614573,0,0,0.4254894733614573,1,0,1,0,1,0,1,1,0,0,1
190,1,2,0,0.15305203714542803,0,0,0.15305203714542803,0,1,1,0,1,1,0,0,1,0,1
191,0,2,1,-0.732369630556667,0,0,-0.732369630556667,1,0,1,0,1,1,0,1,0,0,1
192,1,3,0,-0.732369630556667,1,0,-0.732369630556667,0,1,0,0,1,0,1,0,1,0,1
193,1,2,1,-1.822119375420784,1,1,-1.822119375420784,0,1,0,0,1,1,0,0,0,0,1
194,1,1,0,0.9703643457935158,0,0,0.9703643457935158,0,1,1,0,0,0,0,0,1,0,0
195,1,1,0,1.9238953725496182,0,0,1.9238953725496182,0,1,1,0,0,0,0,0,1,0,0
197,0,3,1,0.8341456276855012,0,1,0.8341456276855012,1,0,0,0,1,0,1,1,0,0,1
199,0,2,0,-0.39182283528663053,0,0,-0.39182283528663053,0,0,1,0,1,1,0,0,1,0,1
200,0,3,1,-0.11938539907060124,0,0,-0.11938539907060124,1,0,1,0,1,0,1,1,0,0,1
202,0,3,1,0.28927075525344265,0,0,0.28927075525344265,1,0,1,0,1,0,1,1,0,0,1
203,0,3,1,1.0725283843745268,0,0,1.0725283843745268,1,0,1,0,0,0,1,1,0,0,0
204,1,3,1,-0.8004789896106744,0,0,-0.8004789896106744,1,1,1,0,1,0,1,1,0,0,1
205,0,3,0,-1.8902287344747914,0,1,-1.8902287344747914,0,0,0,0,1,0,1,0,0,0,1
206,0,3,1,0.15305203714542803,1,0,0.15305203714542803,1,0,0,0,1,0,1,1,0,0,1
207,1,3,1,-0.25560411717861586,0,0,-0.25560411717861586,1,1,1,0,0,0,1,1,0,0,0
208,1,3,0,-0.936697707718689,0,0,-0.936697707718689,0,1,1,1,0,0,1,0,1,1,0
209,1,1,1,0.6979269095774866,0,0,0.6979269095774866,1,1,1,0,0,0,0,1,0,0,0
210,0,3,1,-0.39182283528663053,0,0,-0.39182283528663053,1,0,1,0,1,0,1,1,0,0,1
211,1,2,0,0.35738011430745,0,0,0.35738011430745,0,1,1,0,1,1,0,0,1,0,1
212,0,3,1,-0.5280415533946451,0,0,-0.5280415533946451,1,0,1,0,1,0,1,1,0,0,1
214,0,3,1,,1,0,,1,0,0,1,0,0,1,1,0,1,0
215,1,1,0,0.08494267809142071,1,0,0.08494267809142071,0,1,0,0,0,0,0,0,1,0,0
216,1,3,0,-0.18749475812460856,0,0,-0.18749475812460856,0,1,1,0,1,0,1,0,1,0,1
217,0,2,1,0.8341456276855012,1,0,0.8341456276855012,1,0,0,0,1,1,0,1,0,0,1
218,1,1,0,0.15305203714542803,0,0,0.15305203714542803,0,1,1,0,0,0,0,0,1,0,0
219,0,2,1,0.016833319037413395,0,0,0.016833319037413395,1,0,1,0,1,1,0,1,0,0,1
220,1,3,1,-0.936697707718689,0,0,-0.936697707718689,1,1,1,0,1,0,1,1,0,0,1
221,0,2,1,-0.18749475812460856,0,0,-0.18749475812460856,1,0,1,0,1,1,0,1,0,0,1
222,0,3,1,1.4471298591715671,0,0,1.4471298591715671,1,0,1,0,1,0,1,1,0,0,1
224,1,1,1,0.5617081914694719,1,0,0.5617081914694719,1,1,0,0,1,0,0,1,0,0,1
225,0,3,1,-0.5280415533946451,0,0,-0.5280415533946451,1,0,1,0,1,0,1,1,0,0,1
226,1,2,1,-0.732369630556667,0,0,-0.732369630556667,1,1,1,0,1,1,0,1,0,0,1
227,0,3,1,-0.6302055919756561,0,0,-0.6302055919756561,1,0,1,0,1,0,1,1,0,0,1
228,0,2,1,-0.8004789896106744,0,0,-0.8004789896106744,1,0,1,0,1,1,0,1,0,0,1
229,0,3,0,,3,1,,0,0,0,0,1,0,1,0,1,0,1
230,1,1,0,0.35738011430745,1,0,0.35738011430745,0,1,0,0,1,0,0,0,1,0,1
231,0,3,1,-0.05127604001659392,0,0,-0.05127604001659392,1,0,1,0,1,0,1,1,0,0,1
232,0,2,1,1.9920047316036256,0,0,1.9920047316036256,1,0,1,0,1,1,0,1,0,0,1
233,1,3,0,-1.6859006573127695,4,2,-1.6859006573127695,0,1,0,0,1,0,1,0,0,0,1
234,0,2,1,-0.39182283528663053,0,0,-0.39182283528663053,1,0,1,0,1,1,0,1,0,0,1
235,0,3,0,,0,0,,0,0,1,0,1,0,1,0,1,0,1
236,0,2,1,0.9703643457935158,1,0,0.9703643457935158,1,0,0,0,1,1,0,1,0,0,1
237,1,2,0,-1.4815725801507476,0,2,-1.4815725801507476,0,1,0,0,1,1,0,0,0,0,1
238,0,2,1,-0.732369630556667,0,0,-0.732369630556667,1,0,1,0,1,1,0,1,0,0,1
239,0,2,1,0.22116139619943534,0,0,0.22116139619943534,1,0,1,0,1,1,0,1,0,0,1
240,0,3,0,,1,0,,0,0,0,0,0,0,1,0,1,0,0
242,0,2,1,-0.05127604001659392,0,0,-0.05127604001659392,1,0,1,0,1,1,0,1,0,0,1
243,0,3,1,-0.5280415533946451,0,0,-0.5280415533946451,1,0,1,0,1,0,1,1,0,0,1
244,0,3,1,0.016833319037413395,0,0,0.016833319037413395,1,0,1,0,0,0,1,1,0,0,0
245,0,1,1,0.9703643457935158,2,0,0.9703643457935158,1,0,0,1,0,0,0,1,0,1,0
246,0,3,0,-0.3237134762326232,0,0,-0.3237134762326232,0,0,1,0,1,0,1,0,1,0,1
247,1,2,0,-0.39182283528663053,0,2,-0.39182283528663053,0,1,0,0,1,1,0,0,1,0,1
248,1,1,1,0.4935988324154646,1,1,0.4935988324154646,1,1,0,0,1,0,0,1,0,0,1
249,0,2,1,1.651457936333589,1,0,1.651457936333589,1,0,0,0,1,1,0,1,0,0,1
250,0,3,1,,0,0,,1,0,1,0,1,0,1,1,0,0,1
251,0,3,0,-0.05127604001659392,1,1,-0.05127604001659392,0,0,0,0,1,0,1,0,1,0,1
252,0,1,1,2.1963328087656473,0,0,2.1963328087656473,1,0,1,0,1,0,0,1,0,0,1
253,0,3,1,0.016833319037413395,1,0,0.016833319037413395,1,0,0,0,1,0,1,1,0,0,1
254,0,3,0,0.7660362686314939,0,2,0.7660362686314939,0,0,0,0,1,0,1,0,1,0,1
255,1,3,0,-0.05127604001659392,0,2,-0.05127604001659392,0,1,0,0,0,0,1,0,1,0,0
256,1,1,0,,0,0,,0,1,1,0,0,0,0,0,1,0,0
257,1,1,0,0.016833319037413395,0,0,0.016833319037413395,0,1,1,0,1,0,0,0,1,0,1
258,1,1,0,0.35738011430745,0,0,0.35738011430745,0,1,1,0,0,0,0,0,1,0,0
259,1,2,0,1.3790205001175597,0,1,1.3790205001175597,0,1,0,0,1,1,0,0,1,0,1
261,1,3,1,-1.822119375420784,4,2,-1.822119375420784,0,1,0,0,1,0,1,0,0,0,1
262,0,1,1,1.5152392182255743,1,1,1.5152392182255743,1,0,0,0,1,0,0,1,0,0,1
263,0,1,1,0.6979269095774866,0,0,0.6979269095774866,1,0,1,0,1,0,0,1,0,0,1
264,0,3,0,,0,0,,0,0,1,1,0,0,1,0,1,1,0
265,0,2,1,0.4254894733614573,0,0,0.4254894733614573,1,0,1,0,1,1,0,1,0,0,1
266,0,3,1,-0.936697707718689,4,1,-0.936697707718689,1,0,0,0,1,0,1,1,0,0,1
267,1,3,1,-0.3237134762326232,1,0,-0.3237134762326232,1,1,0,0,1,0,1,1,0,0,1
268,1,1,0,1.9238953725496182,0,1,1.9238953725496182,0,1,0,0,1,0,0,0,1,0,1
269,1,1,0,0.35738011430745,0,0,0.35738011430745,0,1,1,0,1,0,0,0,1,0,1
270,0,1,1,,0,0,,1,0,1,0,1,0,0,1,0,0,1
271,1,3,1,-0.3237134762326232,0,0,-0.3237134762326232,1,1,1,0,1,0,1,1,0,0,1
272,1,2,0,0.7660362686314939,0,1,0.7660362686314939,0,1,0,0,1,1,0,0,1,0,1
273,0,1,1,0.4935988324154646,0,1,0.4935988324154646,1,0,0,0,0,0,0,1,0,0,0
275,1,1,0,2.2644421678196545,1,0,2.2644421678196545,0,1,0,0,1,0,0,0,1,0,1
276,0,3,0,1.0384737048475232,0,0,1.0384737048475232,0,0,1,0,1,0,1,0,1,0,1
277,0,2,1,,0,0,,1,0,1,0,1,1,0,1,0,0,1
278,0,3,1,-1.549681939204755,4,1,-1.549681939204755,0,0,0,1,0,0,1,0,0,1,0
279,1,3,0,0.35738011430745,1,1,0.35738011430745,0,1,0,0,1,0,1,0,1,0,1
280,0,3,1,2.4006608859276692,0,0,2.4006608859276692,1,0,1,1,0,0,1,1,0,1,0
281,0,3,1,-0.11938539907060124,0,0,-0.11938539907060124,1,0,1,0,1,0,1,1,0,0,1
282,0,3,1,-0.936697707718689,0,0,-0.936697707718689,1,0,1,0,1,0,1,1,0,0,1
283,1,3,1,-0.732369630556667,0,0,-0.732369630556667,1,1,1,0,1,0,1,1,0,0,1
284,0,1,1,,0,0,,1,0,1,0,1,0,0,1,0,0,1
285,0,3,1,0.22116139619943534,0,0,0.22116139619943534,1,0,1,0,0,0,1,1,0,0,0
286,1,3,1,0.016833319037413395,0,0,0.016833319037413395,1,1,1,0,1,0,1,1,0,0,1
287,0,3,1,-0.5280415533946451,0,0,-0.5280415533946451,1,0,1,0,1,0,1,1,0,0,1
288,1,2,1,0.8341456276855012,0,0,0.8341456276855012,1,1,1,0,1,1,0,1,0,0,1
289,1,3,0,-0.5280415533946451,0,0,-0.5280415533946451,0,1,1,1,0,0,1,0,1,1,0
290,1,1,0,-0.25560411717861586,0,0,-0.25560411717861586,0,1,1,0,1,0,0,0,1,0,1
291,1,1,0,-0.732369630556667,1,0,-0.732369630556667,0,1,0,0,0,0,0,0,1,0,0
292,0,2,1,0.4254894733614573,0,0,0.4254894733614573,1,0,1,0,0,1,0,1,0,0,0
293,0,3,0,-0.39182283528663053,0,0,-0.39182283528663053,0,0,1,0,1,0,1,0,1,0,1
294,0,3,1,-0.39182283528663053,0,0,-0.39182283528663053,1,0,1,0,1,0,1,1,0,0,1
296,0,3,1,-0.4258775148136342,0,0,-0.4258775148136342,1,0,1,0,0,0,1,1,0,0,0
297,0,1,0,-1.8902287344747914,1,2,-1.8902287344747914,0,0,0,0,1,0,0,0,0,0,1
298,1,1,1,,0,0,,1,1,1,0,1,0,0,1,0,0,1
299,1,1,0,1.3790205001175597,0,1,1.3790205001175597,0,1,0,0,0,0,0,0,1,0,0
301,1,3,1,,2,0,,1,1,0,1,0,0,1,1,0,1,0
302,0,3,1,-0.732369630556667,0,0,-0.732369630556667,1,0,1,0,1,0,1,1,0,0,1
303,1,2,0,,0,0,,0,1,1,1,0,1,0,0,1,1,0
305,1,1,1,-1.9637868422531193,1,2,-1.9637868422531193,0,1,0,0,1,0,0,0,0,0,1
306,1,1,0,,0,0,,0,1,1,0,0,0,0,0,1,0,0
307,1,1,0,-0.8685883486646817,1,0,-0.8685883486646817,0,1,0,0,0,0,0,0,1,0,0
308,0,2,1,0.016833319037413395,1,0,0.016833319037413395,1,0,0,0,0,1,0,1,0,0,0
309,1,1,0,0.016833319037413395,0,0,0.016833319037413395,0,1,1,0,0,0,0,0,1,0,0
310,1,1,0,-0.39182283528663053,0,0,-0.39182283528663053,0,1,1,0,0,0,0,0,1,0,0
311,1,1,0,-0.8004789896106744,2,2,-0.8004789896106744,0,1,0,0,0,0,0,0,1,0,0
312,0,2,0,-0.25560411717861586,1,1,-0.25560411717861586,0,0,0,0,1,1,0,0,1,0,1
314,0,2,1,0.9022549867395085,1,1,0.9022549867395085,1,0,0,0,1,1,0,1,0,0,1
315,1,3,0,-0.25560411717861586,0,0,-0.25560411717861586,0,1,1,0,1,0,1,0,1,0,1
316,1,2,0,-0.39182283528663053,1,0,-0.39182283528663053,0,1,0,0,1,1,0,0,1,0,1
317,0,2,1,1.651457936333589,0,0,1.651457936333589,1,0,1,0,1,1,0,1,0,0,1
318,1,1,0,0.08494267809142071,0,2,0.08494267809142071,0,1,0,0,1,0,0,0,1,0,1
319,1,1,0,0.6979269095774866,1,1,0.6979269095774866,0,1,0,0,0,0,0,0,1,0,0
321,0,3,1,-0.18749475812460856,0,0,-0.18749475812460856,1,0,1,0,1,0,1,1,0,0,1
322,1,2,0,0.016833319037413395,0,0,0.016833319037413395,0,1,1,1,0,1,0,0,1,1,0
323,1,2,0,-0.5280415533946451,1,1,-0.5280415533946451,0,1,0,0,1,1,0,0,1,0,1
325,1,1,0,0.4254894733614573,0,0,0.4254894733614573,0,1,1,0,0,0,0,0,1,0,0
326,0,3,1,2.12822344971164,0,0,2.12822344971164,1,0,1,0,1,0,1,1,0,0,1
327,1,2,0,0.4254894733614573,0,0,0.4254894733614573,0,1,1,0,1,1,0,0,1,0,1
328,1,3,0,0.08494267809142071,1,1,0.08494267809142071,0,1,0,0,1,0,1,0,1,0,1
329,1,1,0,-0.936697707718689,0,1,-0.936697707718689,0,1,0,0,0,0,0,0,1,0,0
330,1,3,0,,2,0,,0,1,0,1,0,0,1,0,1,1,0
331,0,1,1,1.0725283843745268,0,0,1.0725283843745268,1,0,1,0,1,0,0,1,0,0,1
332,0,1,1,0.5617081914694719,0,1,0.5617081914694719,1,0,0,0,1,0,0,1,0,0,1
333,0,3,1,-0.936697707718689,2,0,-0.936697707718689,1,0,0,0,1,0,1,1,0,0,1
334,1,1,0,,1,0,,0,1,0,0,1,0,0,0,1,0,1
336,0,1,1,-0.05127604001659392,1,0,-0.05127604001659392,1,0,0,0,1,0,0,1,0,0,1
337,1,1,0,0.7660362686314939,0,0,0.7660362686314939,0,1,1,0,0,0,0,0,1,0,0
338,1,3,1,1.0384737048475232,0,0,1.0384737048475232,1,1,1,0,1,0,1,1,0,0,1
339,0,1,1,1.0384737048475232,0,0,1.0384737048475232,1,0,1,0,1,0,0,1,0,0,1
340,1,2,1,-1.8902287344747914,1,1,-1.8902287344747914,0,1,0,0,1,1,0,0,0,0,1
341,1,1,0,-0.39182283528663053,3,2,-0.39182283528663053,0,1,0,0,1,0,0,0,1,0,1
342,0,2,1,-0.11938539907060124,0,0,-0.11938539907060124,1,0,1,0,1,1,0,1,0,0,1
344,0,2,1,0.4254894733614573,0,0,0.4254894733614573,1,0,1,0,1,1,0,1,0,0,1
345,1,2,0,-0.39182283528663053,0,0,-0.39182283528663053,0,1,1,0,1,1,0,0,1,0,1
346,1,2,0,0.6979269095774866,0,0,0.6979269095774866,0,1,1,0,1,1,0,0,1,0,1
347,1,3,0,,1,0,,0,1,0,0,1,0,1,0,1,0,1
348,1,3,1,-1.822119375420784,1,1,-1.822119375420784,0,1,0,0,1,0,1,0,0,0,1
349,0,3,1,0.8341456276855012,0,0,0.8341456276855012,1,0,1,0,1,0,1,1,0,0,1
350,0,3,1,-0.4599321943406378,0,0,-0.4599321943406378,1,0,1,0,1,0,1,1,0,0,1
351,0,1,1,,0,0,,1,0,1,0,1,0,0,1,0,0,1
352,0,3,1,-1.0048070667726963,1,1,-1.0048070667726963,0,0,0,0,0,0,1,0,0,0,0
353,0,3,1,-0.3237134762326232,1,0,-0.3237134762326232,1,0,0,0,1,0,1,1,0,0,1
356,1,1,0,-0.5280415533946451,0,1,-0.5280415533946451,0,1,0,0,1,0,0,0,1,0,1
357,0,2,0,0.5617081914694719,0,0,0.5617081914694719,0,0,1,0,1,1,0,0,1,0,1
360,0,3,1,0.6979269095774866,1,4,0.6979269095774866,1,0,0,0,1,0,1,1,0,0,1
361,0,2,1,-0.05127604001659392,1,0,-0.05127604001659392,1,0,0,0,0,1,0,1,0,0,0
362,0,3,0,1.0384737048475232,0,1,1.0384737048475232,0,0,0,0,0,0,1,0,1,0,0
363,0,3,1,0.35738011430745,0,0,0.35738011430745,1,0,1,0,1,0,1,1,0,0,1
365,0,3,1,0.016833319037413395,0,0,0.016833319037413395,1,0,1,0,1,0,1,1,0,0,1
366,1,1,0,2.060114090657633,1,0,2.060114090657633,0,1,0,0,0,0,0,0,1,0,0
367,1,3,0,,0,0,,0,1,1,0,0,0,1,0,1,0,0
369,1,1,0,-0.39182283528663053,0,0,-0.39182283528663053,0,1,1,0,0,0,0,0,1,0,0
370,1,1,1,-0.3237134762326232,1,0,-0.3237134762326232,1,1,0,0,0,0,0,1,0,0,0
371,0,3,1,-0.8004789896106744,1,0,-0.8004789896106744,1,0,0,0,1,0,1,1,0,0,1
372,0,3,1,-0.732369630556667,0,0,-0.732369630556667,1,0,1,0,1,0,1,1,0,0,1
373,0,1,1,-0.5280415533946451,0,0,-0.5280415533946451,1,0,1,0,0,0,0,1,0,0,0
374,0,3,0,-1.822119375420784,3,1,-1.822119375420784,0,0,0,0,1,0,1,0,0,0,1
375,1,1,0,,1,0,,0,1,0,0,0,0,0,0,1,0,0
376,1,3,0,-0.5280415533946451,0,0,-0.5280415533946451,0,1,1,0,1,0,1,0,1,0,1
377,0,1,1,-0.18749475812460856,0,2,-0.18749475812460856,1,0,0,0,0,0,0,1,0,0,0
378,0,3,1,-0.6642602715026598,0,0,-0.6642602715026598,1,0,1,0,0,0,1,1,0,0,0
379,0,3,1,-0.732369630556667,0,0,-0.732369630556667,1,0,1,0,1,0,1,1,0,0,1
380,1,1,0,0.8341456276855012,0,0,0.8341456276855012,0,1,1,0,0,0,0,0,1,0,0
381,1,3,0,-1.9583380935287988,0,2,-1.9583380935287988,0,1,0,0,0,0,1,0,0,0,0
382,0,3,1,0.15305203714542803,0,0,0.15305203714542803,1,0,1,0,1,0,1,1,0,0,1
383,1,1,0,0.35738011430745,1,0,0.35738011430745,0,1,0,0,1,0,0,0,1,0,1
385,0,2,1,-0.8004789896106744,0,0,-0.8004789896106744,1,0,1,0,1,1,0,1,0,0,1
386,0,3,1,-1.9583380935287988,5,2,-1.9583380935287988,0,0,0,0,1,0,1,0,0,0,1
388,0,3,1,,0,0,,1,0,1,1,0,0,1,1,0,1,0
389,1,2,0,-0.8685883486646817,0,0,-0.8685883486646817,0,1,1,0,0,1,0,0,1,0,0
390,1,1,1,0.4254894733614573,1,2,0.4254894733614573,1,1,0,0,1,0,0,1,0,0,1
391,1,3,1,-0.5961509124486525,0,0,-0.5961509124486525,1,1,1,0,1,0,1,1,0,0,1
392,0,3,1,-0.11938539907060124,2,0,-0.11938539907060124,1,0,0,0,1,0,1,1,0,0,1
393,1,1,0,-0.4599321943406378,1,0,-0.4599321943406378,0,1,0,0,0,0,0,0,1,0,0
394,1,3,0,-0.39182283528663053,0,2,-0.39182283528663053,0,1,0,0,1,0,1,0,1,0,1
395,0,3,1,-0.5280415533946451,0,0,-0.5280415533946451,1,0,1,0,1,0,1,1,0,0,1
396,0,3,0,0.08494267809142071,0,0,0.08494267809142071,0,0,1,0,1,0,1,0,1,0,1
397,0,2,1,1.1065830639015304,0,0,1.1065830639015304,1,0,1,0,1,1,0,1,0,0,1
398,0,2,1,-0.4599321943406378,0,0,-0.4599321943406378,1,0,1,0,1,1,0,1,0,0,1
399,1,2,0,-0.11938539907060124,0,0,-0.11938539907060124,0,1,1,0,1,1,0,0,1,0,1
400,1,3,1,0.6298175505234792,0,0,0.6298175505234792,1,1,1,0,1,0,1,1,0,0,1
401,0,3,1,-0.25560411717861586,0,0,-0.25560411717861586,1,0,1,0,1,0,1,1,0,0,1
402,0,3,0,-0.5961509124486525,1,0,-0.5961509124486525,0,0,0,0,1,0,1,0,1,0,1
403,0,3,1,-0.11938539907060124,1,0,-0.11938539907060124,1,0,0,0,1,0,1,1,0,0,1
404,0,3,0,-0.6642602715026598,0,0,-0.6642602715026598,0,0,1,0,1,0,1,0,1,0,1
405,0,2,1,0.28927075525344265,1,0,0.28927075525344265,1,0,0,0,1,1,0,1,0,0,1
406,0,3,1,1.4471298591715671,0,0,1.4471298591715671,1,0,1,0,1,0,1,1,0,0,1
407,1,2,1,-1.822119375420784,1,1,-1.822119375420784,0,1,0,0,1,1,0,0,0,0,1
408,0,3,1,-0.5961509124486525,0,0,-0.5961509124486525,1,0,1,0,1,0,1,1,0,0,1
411,0,3,1,,0,0,,1,0,1,1,0,0,1,1,0,1,0
412,1,1,0,0.22116139619943534,1,0,0.22116139619943534,0,1,0,1,0,0,0,0,1,1,0
414,1,3,1,0.9703643457935158,0,0,0.9703643457935158,1,1,1,0,1,0,1,1,0,0,1
415,0,3,0,,0,0,,0,0,1,0,1,0,1,0,1,0,1
416,1,2,0,0.28927075525344265,1,1,0.28927075525344265,0,1,0,0,1,1,0,0,1,0,1
417,1,2,0,-0.8004789896106744,0,2,-0.8004789896106744,0,1,0,0,1,1,0,0,1,0,1
419,0,3,0,-1.345353862042733,0,2,-1.345353862042733,0,0,0,0,1,0,1,0,0,0,1
421,0,3,1,-0.5961509124486525,0,0,-0.5961509124486525,1,0,1,1,0,0,1,1,0,1,0
422,0,3,1,-0.05127604001659392,0,0,-0.05127604001659392,1,0,1,0,1,0,1,1,0,0,1
423,0,3,0,-0.11938539907060124,1,1,-0.11938539907060124,0,0,0,0,1,0,1,0,1,0,1
424,0,3,1,-0.8004789896106744,1,1,-0.8004789896106744,1,0,0,0,1,0,1,1,0,0,1
426,1,2,0,-0.11938539907060124,1,0,-0.11938539907060124,0,1,0,0,1,1,0,0,1,0,1
427,1,2,0,-0.732369630556667,0,0,-0.732369630556667,0,1,1,0,1,1,0,0,1,0,1
429,1,3,1,0.15305203714542803,0,0,0.15305203714542803,1,1,1,0,1,0,1,1,0,0,1
430,1,1,1,-0.11938539907060124,0,0,-0.11938539907060124,1,1,1,0,1,0,0,1,0,0,1
432,1,2,0,0.8341456276855012,1,0,0.8341456276855012,0,1,0,0,1,1,0,0,1,0,1
433,0,3,1,-0.8685883486646817,0,0,-0.8685883486646817,1,0,1,0,1,0,1,1,0,0,1
434,0,1,1,1.3790205001175597,1,0,1.3790205001175597,1,0,0,0,1,0,0,1,0,0,1
435,1,1,0,-1.0729164258267037,1,2,-1.0729164258267037,0,1,0,0,1,0,0,0,0,0,1
436,0,3,0,-0.5961509124486525,2,2,-0.5961509124486525,0,0,0,0,1,0,1,0,1,0,1
437,1,2,0,-0.39182283528663053,2,3,-0.39182283528663053,0,1,0,0,1,1,0,0,1,0,1
438,0,1,1,2.332551526873662,1,4,2.332551526873662,1,0,0,0,1,0,0,1,0,0,1
439,0,2,1,0.08494267809142071,0,0,0.08494267809142071,1,0,1,0,1,1,0,1,0,0,1
440,1,2,0,1.0384737048475232,1,1,1.0384737048475232,0,1,0,0,1,1,0,0,1,0,1
441,0,3,1,-0.6642602715026598,0,0,-0.6642602715026598,1,0,1,0,1,0,1,1,0,0,1
442,0,3,1,-0.3237134762326232,1,0,-0.3237134762326232,1,0,0,0,1,0,1,1,0,0,1
443,1,2,0,-0.11938539907060124,0,0,-0.11938539907060124,0,1,1,0,1,1,0,0,1,0,1
444,1,3,1,,0,0,,1,1,1,0,1,0,1,1,0,0,1
445,1,1,1,-1.754010016366777,0,2,-1.754010016366777,0,1,0,0,1,0,0,0,0,0,1
446,1,2,0,-1.141025784880711,0,1,-1.141025784880711,0,1,0,0,1,1,0,0,0,0,1
447,1,1,1,0.28927075525344265,0,0,0.28927075525344265,1,1,1,0,1,0,0,1,0,0,1
448,1,3,0,-1.6859006573127695,2,1,-1.6859006573127695,0,1,0,0,0,0,1,0,0,0,0
449,1,1,1,1.5152392182255743,0,0,1.5152392182255743,1,1,1,0,1,0,0,1,0,0,1
450,0,2,1,0.4254894733614573,1,2,0.4254894733614573,1,0,0,0,1,1,0,1,0,0,1
451,0,3,1,,1,0,,1,0,0,0,1,0,1,1,0,0,1
452,0,1,1,0.016833319037413395,0,0,0.016833319037413395,1,0,1,0,0,0,0,1,0,0,0
453,1,1,1,1.3109111410635523,1,0,1.3109111410635523,1,1,0,0,0,0,0,1,0,0,0
455,1,3,1,-0.05127604001659392,0,0,-0.05127604001659392,1,1,1,0,0,0,1,1,0,0,0
456,0,1,1,2.4006608859276692,0,0,2.4006608859276692,1,0,1,0,1,0,0,1,0,0,1
457,1,1,0,,1,0,,0,1,0,0,1,0,0,0,1,0,1
458,1,2,0,1.3790205001175597,0,0,1.3790205001175597,0,1,1,0,1,1,0,0,1,0,1
460,1,1,1,1.2428017820095452,0,0,1.2428017820095452,1,1,1,0,1,0,0,1,0,0,1
461,0,3,1,0.28927075525344265,0,0,0.28927075525344265,1,0,1,0,1,0,1,1,0,0,1
462,0,1,1,1.1746924229555378,0,0,1.1746924229555378,1,0,1,0,1,0,0,1,0,0,1
463,0,2,1,1.2428017820095452,0,0,1.2428017820095452,1,0,1,0,1,1,0,1,0,0,1
465,0,3,1,0.5617081914694719,0,0,0.5617081914694719,1,0,1,0,1,0,1,1,0,0,1
467,0,1,1,1.7876766544416036,0,0,1.7876766544416036,1,0,1,0,1,0,0,1,0,0,1
468,0,3,1,,0,0,,1,0,1,1,0,0,1,1,0,1,0
469,1,3,0,-1.9753654332923005,2,1,-1.9753654332923005,0,1,0,0,0,0,1,0,0,0,0
471,0,3,1,0.5617081914694719,0,0,0.5617081914694719,1,0,1,0,1,0,1,1,0,0,1
472,1,2,0,0.22116139619943534,1,2,0.22116139619943534,0,1,0,0,1,1,0,0,1,0,1
473,1,2,0,-0.4599321943406378,0,0,-0.4599321943406378,0,1,1,0,0,1,0,0,1,0,0
474,0,3,0,-0.5280415533946451,0,0,-0.5280415533946451,0,0,1,0,1,0,1,0,1,0,1
475,0,1,1,,0,0,,1,0,1,0,1,0,0,1,0,0,1
477,0,3,1,-0.05127604001659392,1,0,-0.05127604001659392,1,0,0,0,1,0,1,1,0,0,1
478,0,3,1,-0.5280415533946451,0,0,-0.5280415533946451,1,0,1,0,1,0,1,1,0,0,1
479,1,3,0,-1.8902287344747914,0,1,-1.8902287344747914,0,1,0,0,1,0,1,0,0,0,1
480,0,3,1,-1.4134632210967402,5,2,-1.4134632210967402,0,0,0,0,1,0,1,0,0,0,1
482,0,3,1,1.3790205001175597,0,0,1.3790205001175597,1,0,1,0,1,0,1,1,0,0,1
483,1,3,0,2.2644421678196545,0,0,2.2644421678196545,0,1,1,0,1,0,1,0,1,0,1
484,1,1,1,-0.3237134762326232,1,0,-0.3237134762326232,1,1,0,0,0,0,0,1,0,0,0
486,1,1,0,0.35738011430745,1,0,0.35738011430745,0,1,0,0,1,0,0,0,1,0,1
487,0,1,1,1.9238953725496182,0,0,1.9238953725496182,1,0,1,0,0,0,0,1,0,0,0
489,1,3,1,-1.4134632210967402,1,1,-1.4134632210967402,0,1,0,0,1,0,1,0,0,0,1
491,0,3,1,-0.5961509124486525,0,0,-0.5961509124486525,1,0,1,0,1,0,1,1,0,0,1
492,0,1,1,1.7195672953875962,0,0,1.7195672953875962,1,0,1,0,1,0,0,1,0,0,1
493,0,1,1,2.809317040251713,0,0,2.809317040251713,1,0,1,0,0,0,0,1,0,0,0
495,0,3,1,,0,0,,1,0,1,0,0,0,1,1,0,0,0
496,1,1,0,1.651457936333589,1,0,1.651457936333589,0,1,0,0,0,0,0,0,1,0,0
497,0,3,1,,0,0,,1,0,1,0,1,0,1,1,0,0,1
498,0,1,0,-0.3237134762326232,1,2,-0.3237134762326232,0,0,0,0,1,0,0,0,1,0,1
499,0,3,1,-0.39182283528663053,0,0,-0.39182283528663053,1,0,1,0,1,0,1,1,0,0,1
501,0,3,0,-0.5961509124486525,0,0,-0.5961509124486525,0,0,1,1,0,0,1,0,1,1,0
502,0,3,0,,0,0,,0,0,1,1,0,0,1,0,1,1,0
503,0,3,0,0.4935988324154646,0,0,0.4935988324154646,0,0,1,0,1,0,1,0,1,0,1
504,1,1,0,-0.936697707718689,0,0,-0.936697707718689,0,1,1,0,1,0,0,0,1,0,1
505,0,1,1,-0.8004789896106744,1,0,-0.8004789896106744,1,0,0,0,0,0,0,1,0,0,0
506,1,2,0,0.22116139619943534,0,2,0.22116139619943534,0,1,0,0,1,1,0,0,1,0,1
507,1,1,1,,0,0,,1,1,1,0,1,0,0,1,0,0,1
508,0,3,1,-0.11938539907060124,0,0,-0.11938539907060124,1,0,1,0,1,0,1,1,0,0,1
509,1,3,1,-0.25560411717861586,0,0,-0.25560411717861586,1,1,1,0,1,0,1,1,0,0,1
510,1,3,1,-0.05127604001659392,0,0,-0.05127604001659392,1,1,1,1,0,0,1,1,0,1,0
512,1,1,1,0.4254894733614573,0,0,0.4254894733614573,1,1,1,0,1,0,0,1,0,0,1
513,1,1,0,1.651457936333589,1,0,1.651457936333589,0,1,0,0,0,0,0,0,1,0,0
514,0,3,1,-0.39182283528663053,0,0,-0.39182283528663053,1,0,1,0,1,0,1,1,0,0,1
515,0,1,1,1.1746924229555378,0,0,1.1746924229555378,1,0,1,0,1,0,0,1,0,0,1
516,1,2,0,0.28927075525344265,0,0,0.28927075525344265,0,1,1,0,1,1,0,0,1,0,1
517,0,3,1,,0,0,,1,0,1,1,0,0,1,1,0,1,0
518,1,2,0,0.4254894733614573,1,0,0.4254894733614573,0,1,0,0,1,1,0,0,1,0,1
519,0,3,1,0.15305203714542803,0,0,0.15305203714542803,1,0,1,0,1,0,1,1,0,0,1
520,1,1,0,0.016833319037413395,0,0,0.016833319037413395,0,1,1,0,1,0,0,0,1,0,1
523,1,1,0,0.9703643457935158,0,1,0.9703643457935158,0,1,0,0,0,0,0,0,1,0,0
524,0,3,1,,0,0,,1,0,1,0,0,0,1,1,0,0,0
525,0,3,1,0.7319815891044902,0,0,0.7319815891044902,1,0,1,1,0,0,1,1,0,1,0
527,0,1,1,,0,0,,1,0,1,0,1,0,0,1,0,0,1
528,0,3,1,0.6298175505234792,0,0,0.6298175505234792,1,0,1,0,1,0,1,1,0,0,1
529,0,2,1,-0.4599321943406378,2,1,-0.4599321943406378,1,0,0,0,1,1,0,1,0,0,1
530,1,2,0,-1.8902287344747914,1,1,-1.8902287344747914,0,1,0,0,1,1,0,0,0,0,1
532,0,3,1,-0.8685883486646817,1,1,-0.8685883486646817,1,0,0,0,0,0,1,1,0,0,0
533,1,3,0,,0,2,,0,1,0,0,0,0,1,0,1,0,0
534,0,3,0,0.016833319037413395,0,0,0.016833319037413395,0,0,1,0,1,0,1,0,1,0,1
535,1,2,0,-1.549681939204755,0,2,-1.549681939204755,0,1,0,0,1,1,0,0,0,0,1
536,0,1,1,1.0384737048475232,0,0,1.0384737048475232,1,0,1,0,1,0,0,1,0,0,1
537,1,1,0,0.016833319037413395,0,0,0.016833319037413395,0,1,1,0,0,0,0,0,1,0,0
538,0,3,1,,0,0,,1,0,1,0,1,0,1,1,0,0,1
539,1,1,0,-0.5280415533946451,0,2,-0.5280415533946451,0,1,0,0,0,0,0,0,1,0,0
540,1,1,0,0.4254894733614573,0,2,0.4254894733614573,0,1,0,0,1,0,0,0,1,0,1
541,0,3,0,-1.4134632210967402,4,2,-1.4134632210967402,0,0,0,0,1,0,1,0,0,0,1
542,0,3,0,-1.2772445029887256,4,2,-1.2772445029887256,0,0,0,0,1,0,1,0,0,0,1
543,1,2,1,0.15305203714542803,1,0,0.15305203714542803,1,1,0,0,1,1,0,1,0,0,1
544,0,1,1,1.3790205001175597,1,0,1.3790205001175597,1,0,0,0,0,0,0,1,0,0,0
545,0,1,1,2.332551526873662,0,0,2.332551526873662,1,0,1,0,1,0,0,1,0,0,1
546,1,2,0,-0.732369630556667,1,0,-0.732369630556667,0,1,0,0,1,1,0,0,1,0,1
547,1,2,1,,0,0,,1,1,1,0,0,1,0,1,0,0,0
548,0,3,1,0.22116139619943534,1,1,0.22116139619943534,1,0,0,0,1,0,1,1,0,0,1
549,1,2,1,-1.4815725801507476,1,1,-1.4815725801507476,0,1,0,0,1,1,0,0,0,0,1
550,1,1,1,-0.8685883486646817,0,2,-0.8685883486646817,1,1,0,0,0,0,0,1,0,0,0
551,0,2,1,-0.18749475812460856,0,0,-0.18749475812460856,1,0,1,0,1,1,0,1,0,0,1
552,0,3,1,,0,0,,1,0,1,1,0,0,1,1,0,1,0
553,1,3,1,-0.5280415533946451,0,0,-0.5280415533946451,1,1,1,0,0,0,1,1,0,0,0
554,1,3,0,-0.5280415533946451,0,0,-0.5280415533946451,0,1,1,0,1,0,1,0,1,0,1
556,1,1,0,1.2428017820095452,1,0,1.2428017820095452,0,1,0,0,0,0,0,0,1,0,0
557,0,1,1,,0,0,,1,0,1,0,0,0,0,1,0,0,0
558,1,1,0,0.6298175505234792,1,1,0.6298175505234792,0,1,0,0,1,0,0,0,1,0,1
559,1,3,0,0.4254894733614573,1,0,0.4254894733614573,0,1,0,0,1,0,1,0,1,0,1
561,0,3,1,0.6979269095774866,0,0,0.6979269095774866,1,0,1,0,1,0,1,1,0,0,1
562,0,2,1,-0.11938539907060124,0,0,-0.11938539907060124,1,0,1,0,1,1,0,1,0,0,1
565,0,3,1,-0.39182283528663053,2,0,-0.39182283528663053,1,0,0,0,1,0,1,1,0,0,1
566,0,3,1,-0.732369630556667,0,0,-0.732369630556667,1,0,1,0,1,0,1,1,0,0,1
567,0,3,0,-0.05127604001659392,0,4,-0.05127604001659392,0,0,0,0,1,0,1,0,1,0,1
569,1,3,1,0.15305203714542803,0,0,0.15305203714542803,1,1,1,0,1,0,1,1,0,0,1
570,1,2,1,2.1963328087656473,0,0,2.1963328087656473,1,1,1,0,1,1,0,1,0,0,1
571,1,1,0,1.5833485772795817,2,0,1.5833485772795817,0,1,0,0,1,0,0,0,1,0,1
572,1,1,1,0.4254894733614573,0,0,0.4254894733614573,1,1,1,0,1,0,0,1,0,0,1
574,0,3,1,-0.936697707718689,0,0,-0.936697707718689,1,0,1,0,1,0,1,1,0,0,1
575,0,3,1,-0.732369630556667,0,0,-0.732369630556667,1,0,1,0,1,0,1,1,0,0,1
576,1,2,0,0.28927075525344265,0,0,0.28927075525344265,0,1,1,0,1,1,0,0,1,0,1
577,1,1,0,0.6298175505234792,1,0,0.6298175505234792,0,1,0,0,1,0,0,0,1,0,1
578,0,3,0,,1,0,,0,0,0,0,0,0,1,0,1,0,0
579,1,3,1,0.15305203714542803,0,0,0.15305203714542803,1,1,1,0,1,0,1,1,0,0,1
580,1,2,0,-0.3237134762326232,1,1,-0.3237134762326232,0,1,0,0,1,1,0,0,1,0,1
581,1,1,0,0.6298175505234792,1,1,0.6298175505234792,0,1,0,0,0,0,0,0,1,0,0
582,0,2,1,1.651457936333589,0,0,1.651457936333589,1,0,1,0,1,1,0,1,0,0,1
583,0,1,1,0.4254894733614573,0,0,0.4254894733614573,1,0,1,0,0,0,0,1,0,0,0
584,0,3,1,,0,0,,1,0,1,0,0,0,1,1,0,0,0
585,1,1,0,-0.8004789896106744,0,2,-0.8004789896106744,0,1,0,0,1,0,0,0,1,0,1
586,0,2,1,1.1746924229555378,0,0,1.1746924229555378,1,0,1,0,1,1,0,1,0,0,1
587,1,1,1,2.060114090657633,1,1,2.060114090657633,1,1,0,0,0,0,0,1,0,0,0
590,0,3,1,0.35738011430745,0,0,0.35738011430745,1,0,1,0,1,0,1,1,0,0,1
591,1,1,0,1.5152392182255743,1,0,1.5152392182255743,0,1,0,0,0,0,0,0,1,0,0
592,0,3,1,1.1746924229555378,0,0,1.1746924229555378,1,0,1,0,1,0,1,1,0,0,1
593,0,3,0,,0,2,,0,0,0,1,0,0,1,0,1,1,0
594,0,2,1,0.4935988324154646,1,0,0.4935988324154646,1,0,0,0,1,1,0,1,0,0,1
595,0,3,1,0.4254894733614573,1,1,0.4254894733614573,1,0,0,0,1,0,1,1,0,0,1
596,1,2,0,,0,0,,0,1,1,0,1,1,0,0,1,0,1
597,0,3,1,1.3109111410635523,0,0,1.3109111410635523,1,0,1,0,1,0,1,1,0,0,1
599,1,1,1,1.3109111410635523,1,0,1.3109111410635523,1,1,0,0,0,0,0,1,0,0,0
600,1,2,0,-0.39182283528663053,2,1,-0.39182283528663053,0,1,0,0,1,1,0,0,1,0,1
602,0,1,1,,0,0,,1,0,1,0,1,0,0,1,0,0,1
603,0,3,1,0.9703643457935158,0,0,0.9703643457935158,1,0,1,0,1,0,1,1,0,0,1
604,1,1,1,0.35738011430745,0,0,0.35738011430745,1,1,1,0,0,0,0,1,0,0,0
605,0,3,1,0.4254894733614573,1,0,0.4254894733614573,1,0,0,0,1,0,1,1,0,0,1
606,0,3,1,0.016833319037413395,0,0,0.016833319037413395,1,0,1,0,1,0,1,1,0,0,1
607,1,1,1,-0.18749475812460856,0,0,-0.18749475812460856,1,1,1,0,1,0,0,1,0,0,1
608,1,2,0,-0.5280415533946451,1,2,-0.5280415533946451,0,1,0,0,0,1,0,0,1,0,0
609,1,1,0,0.6979269095774866,0,0,0.6979269095774866,0,1,1,0,1,0,0,0,1,0,1
610,0,3,0,0.6298175505234792,1,5,0.6298175505234792,0,0,0,0,1,0,1,0,1,0,1
611,0,3,1,,0,0,,1,0,1,0,1,0,1,1,0,0,1
615,1,2,0,-0.39182283528663053,1,2,-0.39182283528663053,0,1,0,0,1,1,0,0,1,0,1
616,0,3,1,0.28927075525344265,1,1,0.28927075525344265,1,0,0,0,1,0,1,1,0,0,1
617,0,3,0,-0.25560411717861586,1,0,-0.25560411717861586,0,0,0,0,1,0,1,0,1,0,1
618,1,2,0,-1.754010016366777,2,1,-1.754010016366777,0,1,0,0,1,1,0,0,0,0,1
619,0,2,1,-0.25560411717861586,0,0,-0.25560411717861586,1,0,1,0,1,1,0,1,0,0,1
620,0,3,1,-0.18749475812460856,1,0,-0.18749475812460856,1,0,0,0,0,0,1,1,0,0,0
621,1,1,1,0.8341456276855012,1,0,0.8341456276855012,1,1,0,0,1,0,0,1,0,0,1
622,1,3,1,-0.6642602715026598,1,1,-0.6642602715026598,1,1,0,0,0,0,1,1,0,0,0
623,0,3,1,-0.5961509124486525,0,0,-0.5961509124486525,1,0,1,0,1,0,1,1,0,0,1
624,0,3,1,-0.5961509124486525,0,0,-0.5961509124486525,1,0,1,0,1,0,1,1,0,0,1
625,0,1,1,2.12822344971164,0,0,2.12822344971164,1,0,1,0,1,0,0,1,0,0,1
626,0,2,1,1.855786013495611,0,0,1.855786013495611,1,0,1,1,0,1,0,1,0,1,0
627,1,1,0,-0.5961509124486525,0,0,-0.5961509124486525,0,1,1,0,1,0,0,0,1,0,1
628,0,3,1,-0.25560411717861586,0,0,-0.25560411717861586,1,0,1,0,1,0,1,1,0,0,1
629,0,3,1,,0,0,,1,0,1,1,0,0,1,1,0,1,0
630,1,1,1,3.422301271737779,0,0,3.422301271737779,1,1,1,0,1,0,0,1,0,0,1
631,0,3,1,1.4471298591715671,0,0,1.4471298591715671,1,0,1,0,1,0,1,1,0,0,1
632,1,1,1,0.15305203714542803,0,0,0.15305203714542803,1,1,1,0,0,0,0,1,0,0,0
633,0,1,1,,0,0,,1,0,1,0,1,0,0,1,0,0,1
634,0,3,0,-1.4134632210967402,3,2,-1.4134632210967402,0,0,0,0,1,0,1,0,0,0,1
637,0,2,1,0.08494267809142071,1,1,0.08494267809142071,1,0,0,0,1,1,0,1,0,0,1
638,0,3,0,0.7660362686314939,0,5,0.7660362686314939,0,0,0,0,1,0,1,0,1,0,1
639,0,3,1,,1,0,,1,0,0,0,1,0,1,1,0,0,1
642,0,3,0,-1.8902287344747914,3,2,-1.8902287344747914,0,0,0,0,1,0,1,0,0,0,1
643,1,3,1,,0,0,,1,1,1,0,1,0,1,1,0,0,1
645,1,1,1,1.2428017820095452,1,0,1.2428017820095452,1,1,0,0,0,0,0,1,0,0,0
647,1,1,1,1.7876766544416036,0,0,1.7876766544416036,1,1,1,0,0,0,0,1,0,0,0
648,0,3,1,,0,0,,1,0,1,0,1,0,1,1,0,0,1
649,1,3,0,-0.4599321943406378,0,0,-0.4599321943406378,0,1,1,0,1,0,1,0,1,0,1
651,1,2,0,-0.8004789896106744,0,1,-0.8004789896106744,0,1,0,0,1,1,0,0,1,0,1
652,0,3,1,-0.5961509124486525,0,0,-0.5961509124486525,1,0,1,0,1,0,1,1,0,0,1
653,1,3,0,,0,0,,0,1,1,1,0,0,1,0,1,1,0
654,0,3,0,-0.8004789896106744,0,0,-0.8004789896106744,0,0,1,1,0,0,1,0,1,1,0
655,0,2,1,-0.39182283528663053,2,0,-0.39182283528663053,1,0,0,0,1,1,0,1,0,0,1
657,0,3,0,0.15305203714542803,1,1,0.15305203714542803,0,0,0,1,0,0,1,0,1,1,0
658,0,2,1,-0.4599321943406378,0,0,-0.4599321943406378,1,0,1,0,1,1,0,1,0,0,1
659,0,1,1,1.9238953725496182,0,2,1.9238953725496182,1,0,0,0,0,0,0,1,0,0,0
660,1,1,1,1.3790205001175597,2,0,1.3790205001175597,1,1,0,0,1,0,0,1,0,0,1
661,0,3,1,0.6979269095774866,0,0,0.6979269095774866,1,0,1,0,0,0,1,1,0,0,0
662,0,1,1,1.1746924229555378,0,0,1.1746924229555378,1,0,1,0,1,0,0,1,0,0,1
663,0,3,1,0.4254894733614573,0,0,0.4254894733614573,1,0,1,0,1,0,1,1,0,0,1
664,1,3,1,-0.6642602715026598,1,0,-0.6642602715026598,1,1,0,0,1,0,1,1,0,0,1
665,0,2,1,0.15305203714542803,2,0,0.15305203714542803,1,0,0,0,1,1,0,1,0,0,1
667,0,3,1,,0,0,,1,0,1,0,1,0,1,1,0,0,1
668,0,3,1,0.9022549867395085,0,0,0.9022549867395085,1,0,1,0,1,0,1,1,0,0,1
669,1,1,0,,1,0,,0,1,0,0,1,0,0,0,1,0,1
670,1,2,0,0.6979269095774866,1,1,0.6979269095774866,0,1,0,0,1,1,0,0,1,0,1
671,0,1,1,0.08494267809142071,1,0,0.08494267809142071,1,0,0,0,1,0,0,1,0,0,1
672,0,2,1,2.741207681197706,0,0,2.741207681197706,1,0,1,0,1,1,0,1,0,0,1
673,1,2,1,0.08494267809142071,0,0,0.08494267809142071,1,1,1,0,1,1,0,1,0,0,1
675,0,3,1,-0.8004789896106744,0,0,-0.8004789896106744,1,0,1,0,1,0,1,1,0,0,1
676,0,3,1,-0.35776815575962684,0,0,-0.35776815575962684,1,0,1,0,1,0,1,1,0,0,1
677,1,3,0,-0.8004789896106744,0,0,-0.8004789896106744,0,1,1,0,1,0,1,0,1,0,1
678,0,3,0,0.9022549867395085,1,6,0.9022549867395085,0,0,0,0,1,0,1,0,1,0,1
679,1,1,1,0.4254894733614573,0,1,0.4254894733614573,1,1,0,0,0,0,0,1,0,0,0
680,0,3,0,,0,0,,0,0,1,1,0,0,1,0,1,1,0
681,1,1,1,-0.18749475812460856,0,0,-0.18749475812460856,1,1,1,0,0,0,0,1,0,0,0
682,0,3,1,-0.6642602715026598,0,0,-0.6642602715026598,1,0,1,0,1,0,1,1,0,0,1
683,0,3,1,-1.0729164258267037,5,2,-1.0729164258267037,0,0,0,0,1,0,1,0,0,0,1
684,0,2,1,2.060114090657633,1,1,2.060114090657633,1,0,0,0,1,1,0,1,0,0,1
685,0,2,1,-0.3237134762326232,1,2,-0.3237134762326232,1,0,0,0,0,1,0,1,0,0,0
686,0,3,1,-1.0729164258267037,4,1,-1.0729164258267037,0,0,0,0,1,0,1,0,0,0,1
687,0,3,1,-0.732369630556667,0,0,-0.732369630556667,1,0,1,0,1,0,1,1,0,0,1
688,0,3,1,-0.8004789896106744,0,0,-0.8004789896106744,1,0,1,0,1,0,1,1,0,0,1
689,1,1,0,-1.0048070667726963,0,1,-1.0048070667726963,0,1,0,0,1,0,0,0,0,0,1
690,1,1,1,0.08494267809142071,1,0,0.08494267809142071,1,1,0,0,1,0,0,1,0,0,1
691,1,3,0,-1.754010016366777,0,1,-1.754010016366777,0,1,0,0,0,0,1,0,0,0,0
693,0,3,1,-0.3237134762326232,0,0,-0.3237134762326232,1,0,1,0,0,0,1,1,0,0,0
694,0,1,1,2.060114090657633,0,0,2.060114090657633,1,0,1,0,1,0,0,1,0,0,1
695,0,2,1,1.5152392182255743,0,0,1.5152392182255743,1,0,1,0,1,1,0,1,0,0,1
697,1,3,0,,0,0,,0,1,1,1,0,0,1,0,1,1,0
698,0,1,1,1.3109111410635523,1,1,1.3109111410635523,1,0,0,0,0,0,0,1,0,0,0
699,0,3,1,0.8341456276855012,0,0,0.8341456276855012,1,0,1,0,1,0,1,1,0,0,1
700,1,1,0,-0.8004789896106744,1,0,-0.8004789896106744,0,1,0,0,0,0,0,0,1,0,0
701,1,1,1,0.35738011430745,0,0,0.35738011430745,1,1,1,0,1,0,0,1,0,0,1
702,0,3,0,-0.8004789896106744,0,1,-0.8004789896106744,0,0,0,0,0,0,1,0,1,0,0
703,0,3,1,-0.3237134762326232,0,0,-0.3237134762326232,1,0,1,1,0,0,1,1,0,1,0
704,0,3,1,-0.25560411717861586,1,0,-0.25560411717861586,1,0,0,0,1,0,1,1,0,0,1
705,0,2,1,0.6298175505234792,0,0,0.6298175505234792,1,0,1,0,1,1,0,1,0,0,1
706,1,2,0,1.0384737048475232,0,0,1.0384737048475232,0,1,1,0,1,1,0,0,1,0,1
707,1,1,1,0.8341456276855012,0,0,0.8341456276855012,1,1,1,0,1,0,0,1,0,0,1
708,1,1,0,-0.5280415533946451,0,0,-0.5280415533946451,0,1,1,0,1,0,0,0,1,0,1
710,1,1,0,-0.39182283528663053,0,0,-0.39182283528663053,0,1,1,0,0,0,0,0,1,0,0
711,0,1,1,,0,0,,1,0,1,0,1,0,0,1,0,0,1
712,1,1,1,1.2428017820095452,1,0,1.2428017820095452,1,1,0,0,1,0,0,1,0,0,1
713,0,3,1,-0.05127604001659392,0,0,-0.05127604001659392,1,0,1,0,1,0,1,1,0,0,1
714,0,2,1,1.5152392182255743,0,0,1.5152392182255743,1,0,1,0,1,1,0,1,0,0,1
715,0,3,1,-0.732369630556667,0,0,-0.732369630556667,1,0,1,0,1,0,1,1,0,0,1
716,1,1,0,0.5617081914694719,0,0,0.5617081914694719,0,1,1,0,0,0,0,0,1,0,0
717,1,2,0,-0.18749475812460856,0,0,-0.18749475812460856,0,1,1,0,1,1,0,0,1,0,1
718,0,3,1,,0,0,,1,0,1,1,0,0,1,1,0,1,0
719,0,3,1,0.22116139619943534,0,0,0.22116139619943534,1,0,1,0,1,0,1,1,0,0,1
720,1,2,0,-1.6177912982587621,0,1,-1.6177912982587621,0,1,0,0,1,1,0,0,0,0,1
721,0,3,1,-0.8685883486646817,1,0,-0.8685883486646817,1,0,0,0,1,0,1,1,0,0,1
722,0,2,1,0.28927075525344265,0,0,0.28927075525344265,1,0,1,0,1,1,0,1,0,0,1
723,0,2,1,1.3790205001175597,0,0,1.3790205001175597,1,0,1,0,1,1,0,1,0,0,1
724,1,1,1,-0.18749475812460856,1,0,-0.18749475812460856,1,1,0,0,1,0,0,1,0,0,1
725,0,3,1,-0.6642602715026598,0,0,-0.6642602715026598,1,0,1,0,1,0,1,1,0,0,1
726,1,2,0,0.016833319037413395,3,0,0.016833319037413395,0,1,0,0,1,1,0,0,1,0,1
727,1,3,0,,0,0,,0,1,1,1,0,0,1,0,1,1,0
728,0,2,1,-0.3237134762326232,1,0,-0.3237134762326232,1,0,0,0,1,1,0,1,0,0,1
729,0,3,0,-0.3237134762326232,1,0,-0.3237134762326232,0,0,0,0,1,0,1,0,1,0,1
730,1,1,0,-0.05127604001659392,0,0,-0.05127604001659392,0,1,1,0,1,0,0,0,1,0,1
731,0,3,1,-1.2772445029887256,0,0,-1.2772445029887256,0,0,1,0,0,0,1,0,0,0,0
735,0,3,1,-0.08533071954359758,0,0,-0.08533071954359758,1,0,1,0,1,0,1,1,0,0,1
736,0,3,0,1.2428017820095452,1,3,1.2428017820095452,0,0,0,0,1,0,1,0,1,0,1
737,1,1,1,0.35738011430745,0,0,0.35738011430745,1,1,1,0,0,0,0,1,0,0,0
740,1,1,1,,0,0,,1,1,1,0,1,0,0,1,0,0,1
741,0,1,1,0.4254894733614573,1,0,0.4254894733614573,1,0,0,0,1,0,0,1,0,0,1
742,1,1,0,-0.5961509124486525,2,2,-0.5961509124486525,0,1,0,0,0,0,0,0,1,0,0
743,0,3,1,-0.39182283528663053,1,0,-0.39182283528663053,1,0,0,0,1,0,1,1,0,0,1
744,1,3,1,0.08494267809142071,0,0,0.08494267809142071,1,1,1,0,1,0,1,1,0,0,1
745,0,1,1,2.741207681197706,1,1,2.741207681197706,1,0,0,0,1,0,0,1,0,0,1
746,0,3,1,-0.936697707718689,1,1,-0.936697707718689,1,0,0,0,1,0,1,1,0,0,1
747,1,2,0,0.016833319037413395,0,0,0.016833319037413395,0,1,1,0,1,1,0,0,1,0,1
748,0,1,1,-0.732369630556667,1,0,-0.732369630556667,1,0,0,0,1,0,0,1,0,0,1
749,0,3,1,0.08494267809142071,0,0,0.08494267809142071,1,0,1,1,0,0,1,1,0,1,0
750,1,2,0,-1.754010016366777,1,1,-1.754010016366777,0,1,0,0,1,1,0,0,0,0,1
751,1,3,1,-1.6177912982587621,0,1,-1.6177912982587621,0,1,0,0,1,0,1,0,0,0,1
752,0,3,1,0.22116139619943534,0,0,0.22116139619943534,1,0,1,0,1,0,1,1,0,0,1
753,0,3,1,-0.4599321943406378,0,0,-0.4599321943406378,1,0,1,0,1,0,1,1,0,0,1
754,1,2,0,1.2428017820095452,1,2,1.2428017820095452,0,1,0,0,1,1,0,0,1,0,1
755,1,2,1,-1.9808141820166212,1,1,-1.9808141820166212,0,1,0,0,1,1,0,0,0,0,1
756,0,3,1,-0.11938539907060124,0,0,-0.11938539907060124,1,0,1,0,1,0,1,1,0,0,1
759,1,1,0,0.22116139619943534,0,0,0.22116139619943534,0,1,1,0,1,0,0,0,1,0,1
761,0,3,1,0.7660362686314939,0,0,0.7660362686314939,1,0,1,0,1,0,1,1,0,0,1
762,1,3,1,-0.6642602715026598,0,0,-0.6642602715026598,1,1,1,0,0,0,1,1,0,0,0
763,1,1,0,0.4254894733614573,1,2,0.4254894733614573,0,1,0,0,1,0,0,0,1,0,1
764,0,3,1,-0.936697707718689,0,0,-0.936697707718689,1,0,1,0,1,0,1,1,0,0,1
765,1,1,0,1.4471298591715671,1,0,1.4471298591715671,0,1,0,0,1,0,0,0,1,0,1
766,0,1,1,,0,0,,1,0,1,0,0,0,0,1,0,0,0
767,0,3,0,0.05088799856441705,0,0,0.05088799856441705,0,0,1,1,0,0,1,0,1,1,0
768,0,3,1,,1,0,,1,0,0,1,0,0,1,1,0,1,0
769,0,3,1,0.15305203714542803,0,0,0.15305203714542803,1,0,1,0,1,0,1,1,0,0,1
770,0,3,1,-0.39182283528663053,0,0,-0.39182283528663053,1,0,1,0,1,0,1,1,0,0,1
771,0,3,1,1.2428017820095452,0,0,1.2428017820095452,1,0,1,0,1,0,1,1,0,0,1
772,0,2,0,1.855786013495611,0,0,1.855786013495611,0,0,1,0,1,1,0,0,1,0,1
774,1,2,0,1.651457936333589,1,3,1.651457936333589,0,1,0,0,1,1,0,0,1,0,1
775,0,3,1,-0.8004789896106744,0,0,-0.8004789896106744,1,0,1,0,1,0,1,1,0,0,1
777,1,3,0,-1.6859006573127695,0,0,-1.6859006573127695,0,1,1,0,1,0,1,0,0,0,1
778,0,3,1,,0,0,,1,0,1,1,0,0,1,1,0,1,0
779,1,1,0,0.9022549867395085,0,1,0.9022549867395085,0,1,0,0,1,0,0,0,1,0,1
780,1,3,0,-1.141025784880711,0,0,-1.141025784880711,0,1,1,0,0,0,1,0,0,0,0
781,1,1,0,-0.8685883486646817,1,0,-0.8685883486646817,0,1,0,0,1,0,0,0,1,0,1
782,0,1,1,-0.05127604001659392,0,0,-0.05127604001659392,1,0,1,0,1,0,0,1,0,0,1
783,0,3,1,,1,2,,1,0,0,0,1,0,1,1,0,0,1
784,0,3,1,-0.3237134762326232,0,0,-0.3237134762326232,1,0,1,0,1,0,1,1,0,0,1
785,0,3,1,-0.3237134762326232,0,0,-0.3237134762326232,1,0,1,0,1,0,1,1,0,0,1
786,1,3,0,-0.8004789896106744,0,0,-0.8004789896106744,0,1,1,0,1,0,1,0,1,0,1
787,0,3,1,-1.4815725801507476,4,1,-1.4815725801507476,0,0,0,1,0,0,1,0,0,1,0
788,1,3,1,-1.9583380935287988,1,2,-1.9583380935287988,0,1,0,0,1,0,1,0,0,0,1
789,0,1,1,1.1065830639015304,0,0,1.1065830639015304,1,0,1,0,0,0,0,1,0,0,0
791,0,2,1,-0.936697707718689,0,0,-0.936697707718689,1,0,1,0,1,1,0,1,0,0,1
793,0,1,1,,0,0,,1,0,1,0,0,0,0,1,0,0,0
794,0,3,1,-0.3237134762326232,0,0,-0.3237134762326232,1,0,1,0,1,0,1,1,0,0,1
795,0,2,1,0.6298175505234792,0,0,0.6298175505234792,1,0,1,0,1,1,0,1,0,0,1
796,1,1,0,1.3109111410635523,0,0,1.3109111410635523,0,1,1,0,1,0,0,0,1,0,1
797,1,3,0,0.08494267809142071,0,0,0.08494267809142071,0,1,1,0,1,0,1,0,1,0,1
798,0,3,1,0.016833319037413395,0,0,0.016833319037413395,1,0,1,0,0,0,1,1,0,0,0
799,0,3,0,0.016833319037413395,1,1,0.016833319037413395,0,0,0,0,1,0,1,0,1,0,1
801,1,2,0,0.08494267809142071,1,1,0.08494267809142071,0,1,0,0,1,1,0,0,1,0,1
802,1,1,1,-1.2772445029887256,1,2,-1.2772445029887256,0,1,0,0,1,0,0,0,0,0,1
803,1,3,1,-1.9978415217801229,0,1,-1.9978415217801229,0,1,0,0,0,0,1,0,0,0,0
804,1,3,1,-0.18749475812460856,0,0,-0.18749475812460856,1,1,1,0,1,0,1,1,0,0,1
805,0,3,1,0.08494267809142071,0,0,0.08494267809142071,1,0,1,0,1,0,1,1,0,0,1
806,0,1,1,0.6298175505234792,0,0,0.6298175505234792,1,0,1,0,1,0,0,1,0,0,1
807,0,3,0,-0.8004789896106744,0,0,-0.8004789896106744,0,0,1,0,1,0,1,0,1,0,1
809,1,1,0,0.22116139619943534,1,0,0.22116139619943534,0,1,0,0,1,0,0,0,1,0,1
810,0,3,1,-0.25560411717861586,0,0,-0.25560411717861586,1,0,1,0,1,0,1,1,0,0,1
811,0,3,1,0.6298175505234792,0,0,0.6298175505234792,1,0,1,0,1,0,1,1,0,0,1
812,0,2,1,0.35738011430745,0,0,0.35738011430745,1,0,1,0,1,1,0,1,0,0,1
813,0,3,0,-1.6177912982587621,4,2,-1.6177912982587621,0,0,0,0,1,0,1,0,0,0,1
814,0,3,1,0.05088799856441705,0,0,0.05088799856441705,1,0,1,0,1,0,1,1,0,0,1
816,0,3,0,-0.4599321943406378,0,0,-0.4599321943406378,0,0,1,0,1,0,1,0,1,0,1
817,0,2,1,0.08494267809142071,1,1,0.08494267809142071,1,0,0,0,0,1,0,1,0,0,0
818,0,3,1,0.9022549867395085,0,0,0.9022549867395085,1,0,1,0,1,0,1,1,0,0,1
819,0,3,1,-1.345353862042733,3,2,-1.345353862042733,0,0,0,0,1,0,1,0,0,0,1
820,1,1,0,1.5152392182255743,1,1,1.5152392182255743,0,1,0,0,1,0,0,0,1,0,1
821,1,3,1,-0.18749475812460856,0,0,-0.18749475812460856,1,1,1,0,1,0,1,1,0,0,1
822,0,1,1,0.5617081914694719,0,0,0.5617081914694719,1,0,1,0,1,0,0,1,0,0,1
823,1,3,0,-0.18749475812460856,0,1,-0.18749475812460856,0,1,0,0,1,0,1,0,1,0,1
824,0,3,1,-1.8902287344747914,4,1,-1.8902287344747914,0,0,0,0,1,0,1,0,0,0,1
825,0,3,1,,0,0,,1,0,1,1,0,0,1,1,0,1,0
826,0,3,1,,0,0,,1,0,1,0,1,0,1,1,0,0,1
827,1,2,1,-1.9583380935287988,0,2,-1.9583380935287988,0,1,0,0,0,1,0,0,0,0,0
828,1,3,1,,0,0,,1,1,1,1,0,0,1,1,0,1,0
830,1,3,0,-1.0048070667726963,1,0,-1.0048070667726963,0,1,0,0,0,0,1,0,0,0,0
831,1,2,1,-1.96991668456798,1,1,-1.96991668456798,0,1,0,0,1,1,0,0,0,0,1
833,0,3,1,-0.4599321943406378,0,0,-0.4599321943406378,1,0,1,0,1,0,1,1,0,0,1
834,0,3,1,-0.8004789896106744,0,0,-0.8004789896106744,1,0,1,0,1,0,1,1,0,0,1
835,1,1,0,0.6298175505234792,1,1,0.6298175505234792,0,1,0,0,0,0,0,0,1,0,0
836,0,3,1,-0.5961509124486525,0,0,-0.5961509124486525,1,0,1,0,1,0,1,1,0,0,1
839,1,1,1,,0,0,,1,1,1,0,0,0,0,1,0,0,0
840,0,3,1,-0.6642602715026598,0,0,-0.6642602715026598,1,0,1,0,1,0,1,1,0,0,1
841,0,2,1,-0.936697707718689,0,0,-0.936697707718689,1,0,1,0,1,1,0,1,0,0,1
842,1,1,0,0.016833319037413395,0,0,0.016833319037413395,0,1,1,0,0,0,0,0,1,0,0
843,0,3,1,0.32332543478044634,0,0,0.32332543478044634,1,0,1,0,0,0,1,1,0,0,0
845,0,3,1,0.8341456276855012,0,0,0.8341456276855012,1,0,1,0,1,0,1,1,0,0,1
847,0,3,1,0.35738011430745,0,0,0.35738011430745,1,0,1,0,0,0,1,1,0,0,0
848,0,2,1,-0.11938539907060124,0,1,-0.11938539907060124,1,0,0,0,1,1,0,1,0,0,1
849,1,1,0,,1,0,,0,1,0,0,0,0,0,0,1,0,0
850,0,3,1,-1.754010016366777,4,2,-1.754010016366777,0,0,0,0,1,0,1,0,0,0,1
851,0,3,1,3.013645117413735,0,0,3.013645117413735,1,0,1,0,1,0,1,1,0,0,1
852,0,3,0,-1.4134632210967402,1,1,-1.4134632210967402,0,0,0,0,0,0,1,0,0,0,0
853,1,1,0,-0.936697707718689,0,1,-0.936697707718689,0,1,0,0,1,0,0,0,1,0,1
854,0,2,0,0.9703643457935158,1,0,0.9703643457935158,0,0,0,0,1,1,0,0,1,0,1
855,1,3,0,-0.8004789896106744,0,1,-0.8004789896106744,0,1,0,0,1,0,1,0,1,0,1
856,1,1,0,1.0384737048475232,1,1,1.0384737048475232,0,1,0,0,1,0,0,0,1,0,1
857,1,1,1,1.4471298591715671,0,0,1.4471298591715671,1,1,1,0,1,0,0,1,0,0,1
858,1,3,0,-0.39182283528663053,0,3,-0.39182283528663053,0,1,0,0,0,0,1,0,1,0,0
860,0,3,1,0.7660362686314939,2,0,0.7660362686314939,1,0,0,0,1,0,1,1,0,0,1
861,0,2,1,-0.5961509124486525,1,0,-0.5961509124486525,1,0,0,0,1,1,0,1,0,0,1
862,1,1,0,1.2428017820095452,0,0,1.2428017820095452,0,1,1,0,1,0,0,0,1,0,1
864,0,2,1,-0.39182283528663053,0,0,-0.39182283528663053,1,0,1,0,1,1,0,1,0,0,1
865,1,2,0,0.8341456276855012,0,0,0.8341456276855012,0,1,1,0,1,1,0,0,1,0,1
866,1,2,0,-0.18749475812460856,1,0,-0.18749475812460856,0,1,0,0,0,1,0,0,1,0,0
867,0,1,1,0.08494267809142071,0,0,0.08494267809142071,1,0,1,0,1,0,0,1,0,0,1
868,0,3,1,,0,0,,1,0,1,0,1,0,1,1,0,0,1
869,1,3,1,-1.754010016366777,1,1,-1.754010016366777,0,1,0,0,1,0,1,0,0,0,1
871,1,1,0,1.1746924229555378,1,1,1.1746924229555378,0,1,0,0,1,0,0,0,1,0,1
872,0,1,1,0.22116139619943534,0,0,0.22116139619943534,1,0,1,0,1,0,0,1,0,0,1
873,0,3,1,1.1746924229555378,0,0,1.1746924229555378,1,0,1,0,1,0,1,1,0,0,1
874,1,2,0,-0.11938539907060124,1,0,-0.11938539907060124,0,1,0,0,0,1,0,0,1,0,0
875,1,3,0,-1.0048070667726963,0,0,-1.0048070667726963,0,1,1,0,0,0,1,0,0,0,0
876,0,3,1,-0.6642602715026598,0,0,-0.6642602715026598,1,0,1,0,1,0,1,1,0,0,1
879,1,1,0,1.7876766544416036,0,1,1.7876766544416036,0,1,0,0,0,0,0,0,1,0,0
880,1,2,0,-0.3237134762326232,0,1,-0.3237134762326232,0,1,0,0,1,1,0,0,1,0,1
881,0,3,1,0.22116139619943534,0,0,0.22116139619943534,1,0,1,0,1,0,1,1,0,0,1
882,0,3,0,-0.5280415533946451,0,0,-0.5280415533946451,0,0,1,0,1,0,1,0,1,0,1
883,0,2,1,-0.11938539907060124,0,0,-0.11938539907060124,1,0,1,0,1,1,0,1,0,0,1
885,0,3,0,0.6298175505234792,0,5,0.6298175505234792,0,0,0,1,0,0,1,0,1,1,0
887,1,1,0,-0.732369630556667,0,0,-0.732369630556667,0,1,1,0,1,0,0,0,1,0,1
888,0,3,0,,1,2,,0,0,0,0,1,0,1,0,1,0,1
889,1,1,1,-0.25560411717861586,0,0,-0.25560411717861586,1,1,1,0,0,0,0,1,0,0,0
890,0,3,1,0.15305203714542803,0,0,0.15305203714542803,1,0,1,1,0,0,1,1,0,1,0
